method,theta_1,theta_2,theta_3,theta_4,theta_5,theta_6,theta_7,theta_8,theta_9,theta_10,theta_11,theta_12,nonzero_count,dimension_estimate,aggregate_linear,aggregate_quadratic
none,1.178939933664073,0.7111000956924969,1.3649651377862253,-0.804766035679932,0.04010361276005925,-0.9870783244290116,-0.01949390057856746,0.7215530568090347,-1.5101264487127433,0.6953710033498033,0.18029899701736343,-0.8689787475243542,11,11,1.503264419793911,-0.8013760396394636
lasso,0.5752253561895768,0.10738551821797493,0.7612505603117325,0.0,0.0,0.0,-1.0269562977782698e-15,-1.0269562977782698e-15,-0.709008980599839,-1.0269562977782698e-15,-1.0269562977782698e-15,-0.06786127941143075,5,5,1.4438614347192842,-0.7768702600112738
ridge,0.24809349913967574,0.24809066579406455,0.2480946257510776,0.24808148536028798,0.24808660208510727,0.24808038123515505,-0.13301869183357462,-0.13301420388283983,-0.13302771944697037,-0.13301436244737472,-0.133017481841856,-0.13302383650909724,12,12,1.4885272593653682,-0.7981162959617127
